[
  {
    "name": "maxLength",
    "expected": 0,
    "actual": 5,
    "values": [
      5
    ],
    "operator": "<=",
    "passed": false,
    "auditId": "cache-insight",
    "level": "warn",
    "url": "https://www.wikipedia.org/",
    "auditTitle": "Use efficient cache lifetimes",
    "auditDocumentationLink": "https://web.dev/uses-long-cache-ttl/"
  },
  {
    "name": "minScore",
    "expected": 0.9,
    "actual": 0,
    "values": [
      0
    ],
    "operator": ">=",
    "passed": false,
    "auditId": "dom-size-insight",
    "level": "warn",
    "url": "https://www.wikipedia.org/",
    "auditTitle": "Optimize DOM size",
    "auditDocumentationLink": "https://developer.chrome.com/docs/lighthouse/performance/dom-size/"
  },
  {
    "name": "minScore",
    "expected": 0.9,
    "actual": 0,
    "values": [
      0
    ],
    "operator": ">=",
    "passed": false,
    "auditId": "dom-size",
    "level": "warn",
    "url": "https://www.wikipedia.org/",
    "auditTitle": "Avoid an excessive DOM size",
    "auditDocumentationLink": "https://developers.google.com/web/fundamentals/performance/rendering/reduce-the-scope-and-complexity-of-style-calculations"
  },
  {
    "name": "minScore",
    "expected": 0.9,
    "actual": 0,
    "values": [
      0
    ],
    "operator": ">=",
    "passed": false,
    "auditId": "image-delivery-insight",
    "level": "error",
    "url": "https://www.wikipedia.org/",
    "auditTitle": "Improve image delivery",
    "auditDocumentationLink": "https://developer.chrome.com/docs/lighthouse/performance/uses-optimized-images/"
  },
  {
    "name": "minScore",
    "expected": 0.9,
    "actual": 0,
    "values": [
      0
    ],
    "operator": ">=",
    "passed": false,
    "auditId": "mainthread-work-breakdown",
    "level": "warn",
    "url": "https://www.wikipedia.org/",
    "auditTitle": "Minimize main-thread work",
    "auditDocumentationLink": "https://developer.chrome.com/docs/lighthouse/performance/mainthread-work-breakdown/"
  },
  {
    "name": "minScore",
    "expected": 0.9,
    "actual": 0.03,
    "values": [
      0.03
    ],
    "operator": ">=",
    "passed": false,
    "auditId": "max-potential-fid",
    "level": "warn",
    "url": "https://www.wikipedia.org/",
    "auditTitle": "Max Potential First Input Delay",
    "auditDocumentationLink": "https://developer.chrome.com/docs/lighthouse/performance/lighthouse-max-potential-fid/"
  },
  {
    "name": "maxLength",
    "expected": 0,
    "actual": 1,
    "values": [
      1
    ],
    "operator": "<=",
    "passed": false,
    "auditId": "modern-image-formats",
    "level": "warn",
    "url": "https://www.wikipedia.org/",
    "auditTitle": "Serve images in next-gen formats",
    "auditDocumentationLink": "https://developer.chrome.com/docs/lighthouse/performance/uses-webp-images/"
  },
  {
    "name": "minScore",
    "expected": 0.9,
    "actual": 0,
    "values": [
      0
    ],
    "operator": ">=",
    "passed": false,
    "auditId": "network-dependency-tree-insight",
    "level": "error",
    "url": "https://www.wikipedia.org/",
    "auditTitle": "Network dependency tree",
    "auditDocumentationLink": "https://developer.chrome.com/docs/lighthouse/performance/critical-request-chains"
  },
  {
    "name": "maxLength",
    "expected": 0,
    "actual": 1,
    "values": [
      1
    ],
    "operator": "<=",
    "passed": false,
    "auditId": "render-blocking-insight",
    "level": "warn",
    "url": "https://www.wikipedia.org/",
    "auditTitle": "Render blocking requests",
    "auditDocumentationLink": "https://web.dev/learn/performance/understanding-the-critical-path#render-blocking_resources"
  },
  {
    "name": "maxLength",
    "expected": 0,
    "actual": 5,
    "values": [
      5
    ],
    "operator": "<=",
    "passed": false,
    "auditId": "uses-long-cache-ttl",
    "level": "warn",
    "url": "https://www.wikipedia.org/",
    "auditTitle": "Serve static assets with an efficient cache policy",
    "auditDocumentationLink": "https://developer.chrome.com/docs/lighthouse/performance/uses-long-cache-ttl/"
  },
  {
    "name": "maxLength",
    "expected": 0,
    "actual": 1,
    "values": [
      1
    ],
    "operator": "<=",
    "passed": false,
    "auditId": "uses-responsive-images",
    "level": "error",
    "url": "https://www.wikipedia.org/",
    "auditTitle": "Properly size images",
    "auditDocumentationLink": "https://developer.chrome.com/docs/lighthouse/performance/uses-responsive-images/"
  },
  {
    "name": "minScore",
    "expected": 0.9,
    "actual": 0,
    "values": [
      0
    ],
    "operator": ">=",
    "passed": false,
    "auditId": "label",
    "level": "error",
    "url": "https://www.wikipedia.org/",
    "auditTitle": "Form elements do not have associated labels",
    "auditDocumentationLink": "https://dequeuniversity.com/rules/axe/4.10/label"
  },
  {
    "name": "minScore",
    "expected": 0.9,
    "actual": 0,
    "values": [
      0
    ],
    "operator": ">=",
    "passed": false,
    "auditId": "bf-cache",
    "level": "error",
    "url": "https://edition.cnn.com/",
    "auditTitle": "Page prevented back/forward cache restoration",
    "auditDocumentationLink": "https://developer.chrome.com/docs/lighthouse/performance/bf-cache/"
  },
  {
    "name": "minScore",
    "expected": 0.9,
    "actual": 0,
    "values": [
      0
    ],
    "operator": ">=",
    "passed": false,
    "auditId": "bootup-time",
    "level": "warn",
    "url": "https://edition.cnn.com/",
    "auditTitle": "Reduce JavaScript execution time",
    "auditDocumentationLink": "https://developer.chrome.com/docs/lighthouse/performance/bootup-time/"
  },
  {
    "name": "maxLength",
    "expected": 0,
    "actual": 150,
    "values": [
      150
    ],
    "operator": "<=",
    "passed": false,
    "auditId": "cache-insight",
    "level": "warn",
    "url": "https://edition.cnn.com/",
    "auditTitle": "Use efficient cache lifetimes",
    "auditDocumentationLink": "https://web.dev/uses-long-cache-ttl/"
  },
  {
    "name": "minScore",
    "expected": 0.9,
    "actual": 0,
    "values": [
      0
    ],
    "operator": ">=",
    "passed": false,
    "auditId": "document-latency-insight",
    "level": "error",
    "url": "https://edition.cnn.com/",
    "auditTitle": "Document request latency"
  },
  {
    "name": "minScore",
    "expected": 0.9,
    "actual": 0,
    "values": [
      0
    ],
    "operator": ">=",
    "passed": false,
    "auditId": "dom-size",
    "level": "warn",
    "url": "https://edition.cnn.com/",
    "auditTitle": "Avoid an excessive DOM size",
    "auditDocumentationLink": "https://developers.google.com/web/fundamentals/performance/rendering/reduce-the-scope-and-complexity-of-style-calculations"
  },
  {
    "name": "minScore",
    "expected": 0.9,
    "actual": 0,
    "values": [
      0
    ],
    "operator": ">=",
    "passed": false,
    "auditId": "errors-in-console",
    "level": "error",
    "url": "https://edition.cnn.com/",
    "auditTitle": "Browser errors were logged to the console",
    "auditDocumentationLink": "https://developer.chrome.com/docs/lighthouse/best-practices/errors-in-console/"
  },
  {
    "name": "minScore",
    "expected": 0.9,
    "actual": 0.02,
    "values": [
      0.02
    ],
    "operator": ">=",
    "passed": false,
    "auditId": "first-contentful-paint",
    "level": "warn",
    "url": "https://edition.cnn.com/",
    "auditTitle": "First Contentful Paint",
    "auditDocumentationLink": "https://developer.chrome.com/docs/lighthouse/performance/first-contentful-paint/"
  },
  {
    "name": "minScore",
    "expected": 0.9,
    "actual": 0,
    "values": [
      0
    ],
    "operator": ">=",
    "passed": false,
    "auditId": "font-display-insight",
    "level": "error",
    "url": "https://edition.cnn.com/",
    "auditTitle": "Font display",
    "auditDocumentationLink": "https://developer.chrome.com/blog/font-fallbacks"
  },
  {
    "name": "minScore",
    "expected": 0.9,
    "actual": 0.5,
    "values": [
      0.5
    ],
    "operator": ">=",
    "passed": false,
    "auditId": "font-display",
    "level": "error",
    "url": "https://edition.cnn.com/",
    "auditTitle": "Ensure text remains visible during webfont load",
    "auditDocumentationLink": "https://developer.chrome.com/docs/lighthouse/performance/font-display/"
  },
  {
    "name": "minScore",
    "expected": 0.9,
    "actual": 0,
    "values": [
      0
    ],
    "operator": ">=",
    "passed": false,
    "auditId": "forced-reflow-insight",
    "level": "error",
    "url": "https://edition.cnn.com/",
    "auditTitle": "Forced reflow",
    "auditDocumentationLink": "https://developers.google.com/web/fundamentals/performance/rendering/avoid-large-complex-layouts-and-layout-thrashing#avoid-forced-synchronous-layouts"
  },
  {
    "name": "minScore",
    "expected": 0.9,
    "actual": 0,
    "values": [
      0
    ],
    "operator": ">=",
    "passed": false,
    "auditId": "image-delivery-insight",
    "level": "error",
    "url": "https://edition.cnn.com/",
    "auditTitle": "Improve image delivery",
    "auditDocumentationLink": "https://developer.chrome.com/docs/lighthouse/performance/uses-optimized-images/"
  },
  {
    "name": "minScore",
    "expected": 0.9,
    "actual": 0,
    "values": [
      0
    ],
    "operator": ">=",
    "passed": false,
    "auditId": "inspector-issues",
    "level": "error",
    "url": "https://edition.cnn.com/",
    "auditTitle": "Issues were logged in the `Issues` panel in Chrome Devtools"
  },
  {
    "name": "minScore",
    "expected": 0.9,
    "actual": 0,
    "values": [
      0
    ],
    "operator": ">=",
    "passed": false,
    "auditId": "label-content-name-mismatch",
    "level": "error",
    "url": "https://edition.cnn.com/",
    "auditTitle": "Elements with visible text labels do not have matching accessible names.",
    "auditDocumentationLink": "https://dequeuniversity.com/rules/axe/4.10/label-content-name-mismatch"
  },
  {
    "name": "minScore",
    "expected": 0.9,
    "actual": 0,
    "values": [
      0
    ],
    "operator": ">=",
    "passed": false,
    "auditId": "largest-contentful-paint",
    "level": "warn",
    "url": "https://edition.cnn.com/",
    "auditTitle": "Largest Contentful Paint",
    "auditDocumentationLink": "https://developer.chrome.com/docs/lighthouse/performance/lighthouse-largest-contentful-paint/"
  },
  {
    "name": "minScore",
    "expected": 0.9,
    "actual": 0,
    "values": [
      0
    ],
    "operator": ">=",
    "passed": false,
    "auditId": "lcp-discovery-insight",
    "level": "error",
    "url": "https://edition.cnn.com/",
    "auditTitle": "LCP request discovery",
    "auditDocumentationLink": "https://web.dev/articles/optimize-lcp#1_eliminate_resource_load_delay"
  },
  {
    "name": "minScore",
    "expected": 0.9,
    "actual": 0,
    "values": [
      0
    ],
    "operator": ">=",
    "passed": false,
    "auditId": "legacy-javascript-insight",
    "level": "error",
    "url": "https://edition.cnn.com/",
    "auditTitle": "Legacy JavaScript",
    "auditDocumentationLink": "https://web.dev/articles/baseline-and-polyfills"
  },
  {
    "name": "maxLength",
    "expected": 0,
    "actual": 19,
    "values": [
      19
    ],
    "operator": "<=",
    "passed": false,
    "auditId": "legacy-javascript",
    "level": "warn",
    "url": "https://edition.cnn.com/",
    "auditTitle": "Avoid serving legacy JavaScript to modern browsers",
    "auditDocumentationLink": "https://web.dev/baseline"
  },
  {
    "name": "minScore",
    "expected": 0.9,
    "actual": 0,
    "values": [
      0
    ],
    "operator": ">=",
    "passed": false,
    "auditId": "link-name",
    "level": "error",
    "url": "https://edition.cnn.com/",
    "auditTitle": "Links do not have a discernible name",
    "auditDocumentationLink": "https://dequeuniversity.com/rules/axe/4.10/link-name"
  },
  {
    "name": "minScore",
    "expected": 0.9,
    "actual": 0,
    "values": [
      0
    ],
    "operator": ">=",
    "passed": false,
    "auditId": "mainthread-work-breakdown",
    "level": "warn",
    "url": "https://edition.cnn.com/",
    "auditTitle": "Minimize main-thread work",
    "auditDocumentationLink": "https://developer.chrome.com/docs/lighthouse/performance/mainthread-work-breakdown/"
  },
  {
    "name": "minScore",
    "expected": 0.9,
    "actual": 0,
    "values": [
      0
    ],
    "operator": ">=",
    "passed": false,
    "auditId": "max-potential-fid",
    "level": "warn",
    "url": "https://edition.cnn.com/",
    "auditTitle": "Max Potential First Input Delay",
    "auditDocumentationLink": "https://developer.chrome.com/docs/lighthouse/performance/lighthouse-max-potential-fid/"
  },
  {
    "name": "maxLength",
    "expected": 0,
    "actual": 29,
    "values": [
      29
    ],
    "operator": "<=",
    "passed": false,
    "auditId": "modern-image-formats",
    "level": "warn",
    "url": "https://edition.cnn.com/",
    "auditTitle": "Serve images in next-gen formats",
    "auditDocumentationLink": "https://developer.chrome.com/docs/lighthouse/performance/uses-webp-images/"
  },
  {
    "name": "maxLength",
    "expected": 0,
    "actual": 9,
    "values": [
      9
    ],
    "operator": "<=",
    "passed": false,
    "auditId": "offscreen-images",
    "level": "error",
    "url": "https://edition.cnn.com/",
    "auditTitle": "Defer offscreen images",
    "auditDocumentationLink": "https://developer.chrome.com/docs/lighthouse/performance/offscreen-images/"
  },
  {
    "name": "minScore",
    "expected": 0.9,
    "actual": 0.03,
    "values": [
      0.03
    ],
    "operator": ">=",
    "passed": false,
    "auditId": "speed-index",
    "level": "warn",
    "url": "https://edition.cnn.com/",
    "auditTitle": "Speed Index",
    "auditDocumentationLink": "https://developer.chrome.com/docs/lighthouse/performance/speed-index/"
  },
  {
    "name": "minScore",
    "expected": 0.9,
    "actual": 0,
    "values": [
      0
    ],
    "operator": ">=",
    "passed": false,
    "auditId": "third-party-cookies",
    "level": "error",
    "url": "https://edition.cnn.com/",
    "auditTitle": "Uses third-party cookies",
    "auditDocumentationLink": "https://privacysandbox.google.com/cookies/prepare/overview"
  },
  {
    "name": "minScore",
    "expected": 0.9,
    "actual": 0.5,
    "values": [
      0.5
    ],
    "operator": ">=",
    "passed": false,
    "auditId": "total-byte-weight",
    "level": "error",
    "url": "https://edition.cnn.com/",
    "auditTitle": "Avoid enormous network payloads",
    "auditDocumentationLink": "https://developer.chrome.com/docs/lighthouse/performance/total-byte-weight/"
  },
  {
    "name": "maxLength",
    "expected": 0,
    "actual": 3,
    "values": [
      3
    ],
    "operator": "<=",
    "passed": false,
    "auditId": "unused-css-rules",
    "level": "error",
    "url": "https://edition.cnn.com/",
    "auditTitle": "Reduce unused CSS",
    "auditDocumentationLink": "https://developer.chrome.com/docs/lighthouse/performance/unused-css-rules/"
  },
  {
    "name": "maxLength",
    "expected": 0,
    "actual": 16,
    "values": [
      16
    ],
    "operator": "<=",
    "passed": false,
    "auditId": "unused-javascript",
    "level": "error",
    "url": "https://edition.cnn.com/",
    "auditTitle": "Reduce unused JavaScript",
    "auditDocumentationLink": "https://developer.chrome.com/docs/lighthouse/performance/unused-javascript/"
  },
  {
    "name": "maxLength",
    "expected": 0,
    "actual": 148,
    "values": [
      148
    ],
    "operator": "<=",
    "passed": false,
    "auditId": "uses-long-cache-ttl",
    "level": "warn",
    "url": "https://edition.cnn.com/",
    "auditTitle": "Serve static assets with an efficient cache policy",
    "auditDocumentationLink": "https://developer.chrome.com/docs/lighthouse/performance/uses-long-cache-ttl/"
  },
  {
    "name": "maxLength",
    "expected": 0,
    "actual": 4,
    "values": [
      4
    ],
    "operator": "<=",
    "passed": false,
    "auditId": "uses-optimized-images",
    "level": "error",
    "url": "https://edition.cnn.com/",
    "auditTitle": "Efficiently encode images",
    "auditDocumentationLink": "https://developer.chrome.com/docs/lighthouse/performance/uses-optimized-images/"
  },
  {
    "name": "minScore",
    "expected": 0.9,
    "actual": 0.5,
    "values": [
      0.5
    ],
    "operator": ">=",
    "passed": false,
    "auditId": "uses-passive-event-listeners",
    "level": "error",
    "url": "https://edition.cnn.com/",
    "auditTitle": "Does not use passive listeners to improve scrolling performance",
    "auditDocumentationLink": "https://developer.chrome.com/docs/lighthouse/best-practices/uses-passive-event-listeners/"
  },
  {
    "name": "maxLength",
    "expected": 0,
    "actual": 30,
    "values": [
      30
    ],
    "operator": "<=",
    "passed": false,
    "auditId": "uses-responsive-images",
    "level": "error",
    "url": "https://edition.cnn.com/",
    "auditTitle": "Properly size images",
    "auditDocumentationLink": "https://developer.chrome.com/docs/lighthouse/performance/uses-responsive-images/"
  },
  {
    "name": "maxLength",
    "expected": 0,
    "actual": 2,
    "values": [
      2
    ],
    "operator": "<=",
    "passed": false,
    "auditId": "uses-text-compression",
    "level": "error",
    "url": "https://edition.cnn.com/",
    "auditTitle": "Enable text compression",
    "auditDocumentationLink": "https://developer.chrome.com/docs/lighthouse/performance/uses-text-compression/"
  },
  {
    "name": "minScore",
    "expected": 0.9,
    "actual": 0,
    "values": [
      0
    ],
    "operator": ">=",
    "passed": false,
    "auditId": "valid-source-maps",
    "level": "error",
    "url": "https://edition.cnn.com/",
    "auditTitle": "Missing source maps for large first-party JavaScript",
    "auditDocumentationLink": "https://developer.chrome.com/docs/devtools/javascript/source-maps/"
  },
  {
    "name": "minScore",
    "expected": 0.9,
    "actual": 0,
    "values": [
      0
    ],
    "operator": ">=",
    "passed": false,
    "auditId": "canonical",
    "level": "error",
    "url": "https://edition.cnn.com/",
    "auditTitle": "Document does not have a valid `rel=canonical`",
    "auditDocumentationLink": "https://developer.chrome.com/docs/lighthouse/seo/canonical/"
  },
  {
    "name": "minScore",
    "expected": 0.9,
    "actual": 0,
    "values": [
      0
    ],
    "operator": ">=",
    "passed": false,
    "auditId": "deprecations",
    "level": "error",
    "url": "https://edition.cnn.com/",
    "auditTitle": "Uses deprecated APIs",
    "auditDocumentationLink": "https://developer.chrome.com/docs/lighthouse/best-practices/deprecations/"
  },
  {
    "name": "minScore",
    "expected": 0.9,
    "actual": 0,
    "values": [
      0
    ],
    "operator": ">=",
    "passed": false,
    "auditId": "interactive",
    "level": "warn",
    "url": "https://edition.cnn.com/",
    "auditTitle": "Time to Interactive",
    "auditDocumentationLink": "https://developer.chrome.com/docs/lighthouse/performance/interactive/"
  },
  {
    "name": "minScore",
    "expected": 0.9,
    "actual": 0,
    "values": [
      0
    ],
    "operator": ">=",
    "passed": false,
    "auditId": "redirects",
    "level": "error",
    "url": "https://edition.cnn.com/",
    "auditTitle": "Avoid multiple page redirects",
    "auditDocumentationLink": "https://developer.chrome.com/docs/lighthouse/performance/redirects/"
  }
]